{
    "changepoint_prior_scale": 0.3442716632961486,
    "seasonality_prior_scale": 2.3139381463064703,
    "holidays_prior_scale": 1.4729215399259428,
    "seasonality_mode": "additive"
}