{
    "changepoint_prior_scale": 0.3045068460918236,
    "seasonality_prior_scale": 5.165052104041735,
    "holidays_prior_scale": 6.412701046153548,
    "seasonality_mode": "additive"
}