{
    "changepoint_prior_scale": 0.07239055689166796,
    "seasonality_prior_scale": 4.113149222965062,
    "holidays_prior_scale": 6.813415685925126,
    "seasonality_mode": "multiplicative"
}