{
    "changepoint_prior_scale": 0.484624344486006,
    "seasonality_prior_scale": 0.05285946383594446,
    "holidays_prior_scale": 8.357730646637453,
    "seasonality_mode": "additive"
}