{
    "changepoint_prior_scale": 0.3485190005716272,
    "seasonality_prior_scale": 4.090025307526887,
    "holidays_prior_scale": 3.133161666970901,
    "seasonality_mode": "additive"
}