{
    "changepoint_prior_scale": 0.10147629173226634,
    "seasonality_prior_scale": 8.776107972350903,
    "holidays_prior_scale": 5.214016584009557,
    "seasonality_mode": "multiplicative"
}