{
    "changepoint_prior_scale": 0.3761211260987339,
    "seasonality_prior_scale": 1.179755858917507,
    "holidays_prior_scale": 8.79284224709777,
    "seasonality_mode": "multiplicative"
}