{
    "changepoint_prior_scale": 0.3309095415983437,
    "seasonality_prior_scale": 0.010603707720972053,
    "holidays_prior_scale": 0.9373581550168129,
    "seasonality_mode": "additive"
}