{
    "changepoint_prior_scale": 0.10237018103135549,
    "seasonality_prior_scale": 9.892727870534241,
    "holidays_prior_scale": 9.08362596740144,
    "seasonality_mode": "additive"
}