{
    "changepoint_prior_scale": 0.4264710106826454,
    "seasonality_prior_scale": 2.840337849171002,
    "holidays_prior_scale": 1.8202699025662257,
    "seasonality_mode": "additive"
}