{
    "changepoint_prior_scale": 0.1580880521819518,
    "seasonality_prior_scale": 4.808159785723873,
    "holidays_prior_scale": 4.224231434775671,
    "seasonality_mode": "additive"
}