{
    "changepoint_prior_scale": 0.36016537776869245,
    "seasonality_prior_scale": 2.4416540066760777,
    "holidays_prior_scale": 4.860268434230987,
    "seasonality_mode": "additive"
}