{
    "changepoint_prior_scale": 0.23185776330604863,
    "seasonality_prior_scale": 0.01173755865853407,
    "holidays_prior_scale": 2.12385991894572,
    "seasonality_mode": "additive"
}